Lib;Heuristic;Trial;Lines;% Improved Loc;Chars;% Improved Chars;Instructions;% Improved Instructions;Time Spent
lodash;Original;-;1;0;48972;0;60995;0;0
lodash;HC3;0;1;0;45181;0.07741158212856326;55555;0.08918763833101073;NaN
lodash;HC3;3;1;0;45213;0.0767581475128645;55805;0.08508894171653414;0
lodash;HC3;13;1;0;45228;0.0764518500367557;55322;0.09300762357570293;NaN
lodash;HC3;22;1;0;45100;0.07906558849955077;55192;0.09513894581523076;NaN
