Lib;Heuristic;Trial;Lines;% Improved Loc;Chars;% Improved Chars;Instructions;% Improved Instructions;Time Spent
lodash;Original;-;1;0;49636;0;61694;0;0
lodash;HC3;2;1;0;45844;0.07639616407446208;56132;0.09015463416215515;NaN
lodash;HC3;3;1;0;45879;0.07569103070352164;56493;0.08430317372840146;0
